-- MySQL dump 10.13  Distrib 5.7.35, for Linux (x86_64)
--
-- Host: localhost    Database: interswitch_walletplus
-- ------------------------------------------------------
-- Server version	5.7.35-0ubuntu0.18.04.1

/*!40101 SET @OLD_CHARACTER_SET_CLIENT=@@CHARACTER_SET_CLIENT */;
/*!40101 SET @OLD_CHARACTER_SET_RESULTS=@@CHARACTER_SET_RESULTS */;
/*!40101 SET @OLD_COLLATION_CONNECTION=@@COLLATION_CONNECTION */;
/*!40101 SET NAMES utf8 */;
/*!40103 SET @OLD_TIME_ZONE=@@TIME_ZONE */;
/*!40103 SET TIME_ZONE='+00:00' */;
/*!40014 SET @OLD_UNIQUE_CHECKS=@@UNIQUE_CHECKS, UNIQUE_CHECKS=0 */;
/*!40014 SET @OLD_FOREIGN_KEY_CHECKS=@@FOREIGN_KEY_CHECKS, FOREIGN_KEY_CHECKS=0 */;
/*!40101 SET @OLD_SQL_MODE=@@SQL_MODE, SQL_MODE='NO_AUTO_VALUE_ON_ZERO' */;
/*!40111 SET @OLD_SQL_NOTES=@@SQL_NOTES, SQL_NOTES=0 */;

--
-- Table structure for table `currency_wallet`
--

DROP TABLE IF EXISTS `currency_wallet`;
/*!40101 SET @saved_cs_client     = @@character_set_client */;
/*!40101 SET character_set_client = utf8 */;
CREATE TABLE `currency_wallet` (
  `id` bigint(20) unsigned NOT NULL AUTO_INCREMENT,
  `user_id` bigint(20) unsigned NOT NULL,
  `amount` int(11) NOT NULL,
  `created_at` timestamp NULL DEFAULT NULL,
  `updated_at` timestamp NULL DEFAULT NULL,
  PRIMARY KEY (`id`)
) ENGINE=InnoDB AUTO_INCREMENT=152 DEFAULT CHARSET=utf8mb4 COLLATE=utf8mb4_unicode_ci;
/*!40101 SET character_set_client = @saved_cs_client */;

--
-- Dumping data for table `currency_wallet`
--

LOCK TABLES `currency_wallet` WRITE;
/*!40000 ALTER TABLE `currency_wallet` DISABLE KEYS */;
INSERT INTO `currency_wallet` VALUES (3,28,78,'2021-09-16 12:53:13','2021-09-17 11:06:43'),(4,28,0,'2021-09-16 12:53:13','2021-09-16 12:53:13'),(97,163,0,'2021-09-17 10:00:55','2021-09-17 10:00:55'),(98,164,1,'2021-09-17 10:00:55','2021-09-17 10:32:00'),(99,125,0,'2021-09-17 10:00:55','2021-09-17 10:00:55'),(100,165,0,'2021-09-17 10:01:16','2021-09-17 10:01:16'),(101,166,1,'2021-09-17 10:01:16','2021-09-17 10:49:41'),(102,98,0,'2021-09-17 10:01:16','2021-09-17 10:01:16'),(103,167,1,'2021-09-17 10:03:43','2021-09-17 10:32:17'),(104,168,0,'2021-09-17 10:03:45','2021-09-17 10:03:45'),(105,115,1,'2021-09-17 10:03:45','2021-09-17 10:32:03'),(106,169,0,'2021-09-17 10:07:10','2021-09-17 10:07:10'),(107,170,0,'2021-09-17 10:07:10','2021-09-17 10:07:10'),(108,133,1,'2021-09-17 10:07:10','2021-09-17 10:07:11'),(109,171,0,'2021-09-17 10:07:16','2021-09-17 10:07:16'),(110,172,1,'2021-09-17 10:07:16','2021-09-17 10:07:16'),(111,153,0,'2021-09-17 10:07:16','2021-09-17 10:07:16'),(112,173,0,'2021-09-17 10:07:19','2021-09-17 10:07:19'),(113,174,0,'2021-09-17 10:07:19','2021-09-17 10:07:19'),(114,176,0,'2021-09-17 10:15:48','2021-09-17 10:15:48'),(115,101,1,'2021-09-17 10:15:49','2021-09-17 10:32:06'),(116,27,5,'2021-09-17 10:26:14','2021-09-17 10:26:34'),(117,135,4,'2021-09-17 10:31:36','2021-09-17 10:33:31'),(118,178,0,'2021-09-17 10:31:55','2021-09-17 10:31:55'),(119,140,2,'2021-09-17 10:31:56','2021-09-17 10:41:41'),(120,180,0,'2021-09-17 10:31:59','2021-09-17 10:31:59'),(121,182,1,'2021-09-17 10:32:03','2021-09-17 10:51:06'),(122,184,0,'2021-09-17 10:32:05','2021-09-17 10:32:05'),(123,186,0,'2021-09-17 10:32:09','2021-09-17 10:32:09'),(124,122,1,'2021-09-17 10:32:10','2021-09-17 10:32:10'),(125,188,0,'2021-09-17 10:32:16','2021-09-17 10:32:16'),(126,190,0,'2021-09-17 10:34:42','2021-09-17 10:34:42'),(127,156,2,'2021-09-17 10:34:42','2021-09-17 10:49:34'),(128,192,0,'2021-09-17 10:34:45','2021-09-17 10:34:45'),(129,102,1,'2021-09-17 10:34:46','2021-09-17 10:34:46'),(130,194,0,'2021-09-17 10:41:41','2021-09-17 10:41:41'),(131,196,0,'2021-09-17 10:42:20','2021-09-17 10:42:20'),(132,195,1,'2021-09-17 10:42:20','2021-09-17 10:42:20'),(133,198,0,'2021-09-17 10:43:54','2021-09-17 10:43:54'),(134,127,1,'2021-09-17 10:43:55','2021-09-17 10:43:55'),(135,200,0,'2021-09-17 10:49:34','2021-09-17 10:49:34'),(136,202,0,'2021-09-17 10:49:40','2021-09-17 10:49:40'),(137,204,0,'2021-09-17 10:49:45','2021-09-17 10:49:45'),(138,158,1,'2021-09-17 10:49:45','2021-09-17 10:49:45'),(139,206,0,'2021-09-17 10:49:48','2021-09-17 10:49:48'),(140,161,1,'2021-09-17 10:49:49','2021-09-17 10:49:49'),(141,208,0,'2021-09-17 10:49:51','2021-09-17 10:49:51'),(142,185,1,'2021-09-17 10:49:53','2021-09-17 10:49:54'),(143,210,0,'2021-09-17 10:51:02','2021-09-17 10:51:02'),(144,147,1,'2021-09-17 10:51:03','2021-09-17 10:51:03'),(145,212,0,'2021-09-17 10:51:06','2021-09-17 10:51:06'),(146,214,0,'2021-09-17 11:01:39','2021-09-17 11:01:39'),(147,103,1,'2021-09-17 11:01:40','2021-09-17 11:01:40'),(148,216,0,'2021-09-17 11:06:10','2021-09-17 11:06:10'),(149,118,1,'2021-09-17 11:06:11','2021-09-17 11:06:11'),(150,218,0,'2021-09-17 11:06:42','2021-09-17 11:06:42'),(151,181,1,'2021-09-17 11:06:42','2021-09-17 11:06:43');
/*!40000 ALTER TABLE `currency_wallet` ENABLE KEYS */;
UNLOCK TABLES;

--
-- Table structure for table `migrations`
--

DROP TABLE IF EXISTS `migrations`;
/*!40101 SET @saved_cs_client     = @@character_set_client */;
/*!40101 SET character_set_client = utf8 */;
CREATE TABLE `migrations` (
  `id` int(10) unsigned NOT NULL AUTO_INCREMENT,
  `migration` varchar(255) COLLATE utf8mb4_unicode_ci NOT NULL,
  `batch` int(11) NOT NULL,
  PRIMARY KEY (`id`)
) ENGINE=InnoDB AUTO_INCREMENT=6 DEFAULT CHARSET=utf8mb4 COLLATE=utf8mb4_unicode_ci;
/*!40101 SET character_set_client = @saved_cs_client */;

--
-- Dumping data for table `migrations`
--

LOCK TABLES `migrations` WRITE;
/*!40000 ALTER TABLE `migrations` DISABLE KEYS */;
INSERT INTO `migrations` VALUES (1,'2021_09_15_103253_create_transactions_table',1),(2,'2021_09_15_115254_update_users_table',1),(3,'2021_09_15_115410_create_users_table',1),(4,'2021_09_15_163236_create_currency_wallet_table',2),(5,'2021_09_15_163250_create_points_wallet_table',3);
/*!40000 ALTER TABLE `migrations` ENABLE KEYS */;
UNLOCK TABLES;

--
-- Table structure for table `points_wallet`
--

DROP TABLE IF EXISTS `points_wallet`;
/*!40101 SET @saved_cs_client     = @@character_set_client */;
/*!40101 SET character_set_client = utf8 */;
CREATE TABLE `points_wallet` (
  `id` bigint(20) unsigned NOT NULL AUTO_INCREMENT,
  `user_id` bigint(20) unsigned NOT NULL,
  `amount` int(11) NOT NULL,
  `created_at` timestamp NULL DEFAULT NULL,
  `updated_at` timestamp NULL DEFAULT NULL,
  PRIMARY KEY (`id`)
) ENGINE=InnoDB AUTO_INCREMENT=113 DEFAULT CHARSET=utf8mb4 COLLATE=utf8mb4_unicode_ci;
/*!40101 SET character_set_client = @saved_cs_client */;

--
-- Dumping data for table `points_wallet`
--

LOCK TABLES `points_wallet` WRITE;
/*!40000 ALTER TABLE `points_wallet` DISABLE KEYS */;
INSERT INTO `points_wallet` VALUES (57,163,0,'2021-09-17 10:00:55','2021-09-17 10:00:55'),(58,164,0,'2021-09-17 10:00:55','2021-09-17 10:00:55'),(59,125,0,'2021-09-17 10:00:55','2021-09-17 10:00:55'),(60,165,0,'2021-09-17 10:01:16','2021-09-17 10:01:16'),(61,166,0,'2021-09-17 10:01:16','2021-09-17 10:01:16'),(62,98,0,'2021-09-17 10:01:16','2021-09-17 10:01:16'),(63,167,0,'2021-09-17 10:03:45','2021-09-17 10:03:45'),(64,168,0,'2021-09-17 10:03:45','2021-09-17 10:03:45'),(65,115,0,'2021-09-17 10:03:45','2021-09-17 10:03:45'),(66,169,0,'2021-09-17 10:07:10','2021-09-17 10:07:10'),(67,170,0,'2021-09-17 10:07:10','2021-09-17 10:07:10'),(68,133,0,'2021-09-17 10:07:10','2021-09-17 10:07:10'),(69,171,0,'2021-09-17 10:07:16','2021-09-17 10:07:16'),(70,172,0,'2021-09-17 10:07:16','2021-09-17 10:07:16'),(71,153,0,'2021-09-17 10:07:16','2021-09-17 10:07:16'),(72,173,0,'2021-09-17 10:07:19','2021-09-17 10:07:19'),(73,174,0,'2021-09-17 10:07:20','2021-09-17 10:07:20'),(74,176,0,'2021-09-17 10:15:48','2021-09-17 10:15:48'),(75,101,0,'2021-09-17 10:15:49','2021-09-17 10:15:49'),(76,28,0,'2021-09-17 10:26:14','2021-09-17 10:26:14'),(77,27,0,'2021-09-17 10:26:14','2021-09-17 10:26:14'),(78,135,0,'2021-09-17 10:31:36','2021-09-17 10:31:36'),(79,178,0,'2021-09-17 10:31:55','2021-09-17 10:31:55'),(80,140,0,'2021-09-17 10:31:56','2021-09-17 10:31:56'),(81,180,0,'2021-09-17 10:31:59','2021-09-17 10:31:59'),(82,182,0,'2021-09-17 10:32:03','2021-09-17 10:32:03'),(83,184,0,'2021-09-17 10:32:05','2021-09-17 10:32:05'),(84,186,0,'2021-09-17 10:32:09','2021-09-17 10:32:09'),(85,122,0,'2021-09-17 10:32:10','2021-09-17 10:32:10'),(86,188,0,'2021-09-17 10:32:16','2021-09-17 10:32:16'),(87,190,0,'2021-09-17 10:34:42','2021-09-17 10:34:42'),(88,156,0,'2021-09-17 10:34:42','2021-09-17 10:34:42'),(89,192,0,'2021-09-17 10:34:45','2021-09-17 10:34:45'),(90,102,0,'2021-09-17 10:34:46','2021-09-17 10:34:46'),(91,194,0,'2021-09-17 10:41:41','2021-09-17 10:41:41'),(92,196,0,'2021-09-17 10:42:20','2021-09-17 10:42:20'),(93,195,0,'2021-09-17 10:42:20','2021-09-17 10:42:20'),(94,198,0,'2021-09-17 10:43:54','2021-09-17 10:43:54'),(95,127,0,'2021-09-17 10:43:55','2021-09-17 10:43:55'),(96,200,0,'2021-09-17 10:49:34','2021-09-17 10:49:34'),(97,202,0,'2021-09-17 10:49:40','2021-09-17 10:49:40'),(98,204,0,'2021-09-17 10:49:45','2021-09-17 10:49:45'),(99,158,0,'2021-09-17 10:49:45','2021-09-17 10:49:45'),(100,206,0,'2021-09-17 10:49:49','2021-09-17 10:49:49'),(101,161,0,'2021-09-17 10:49:49','2021-09-17 10:49:49'),(102,208,0,'2021-09-17 10:49:51','2021-09-17 10:49:51'),(103,185,0,'2021-09-17 10:49:53','2021-09-17 10:49:53'),(104,210,0,'2021-09-17 10:51:02','2021-09-17 10:51:02'),(105,147,0,'2021-09-17 10:51:03','2021-09-17 10:51:03'),(106,212,0,'2021-09-17 10:51:06','2021-09-17 10:51:06'),(107,214,0,'2021-09-17 11:01:39','2021-09-17 11:01:39'),(108,103,0,'2021-09-17 11:01:40','2021-09-17 11:01:40'),(109,216,0,'2021-09-17 11:06:10','2021-09-17 11:06:10'),(110,118,0,'2021-09-17 11:06:11','2021-09-17 11:06:11'),(111,218,0,'2021-09-17 11:06:42','2021-09-17 11:06:42'),(112,181,0,'2021-09-17 11:06:43','2021-09-17 11:06:43');
/*!40000 ALTER TABLE `points_wallet` ENABLE KEYS */;
UNLOCK TABLES;

--
-- Table structure for table `transactions`
--

DROP TABLE IF EXISTS `transactions`;
/*!40101 SET @saved_cs_client     = @@character_set_client */;
/*!40101 SET character_set_client = utf8 */;
CREATE TABLE `transactions` (
  `id` bigint(20) unsigned NOT NULL AUTO_INCREMENT,
  `user_id` bigint(20) unsigned NOT NULL,
  `amount` int(11) NOT NULL,
  `description` varchar(255) COLLATE utf8mb4_unicode_ci NOT NULL,
  `created_at` timestamp NULL DEFAULT NULL,
  `updated_at` timestamp NULL DEFAULT NULL,
  PRIMARY KEY (`id`)
) ENGINE=InnoDB AUTO_INCREMENT=192 DEFAULT CHARSET=utf8mb4 COLLATE=utf8mb4_unicode_ci;
/*!40101 SET character_set_client = @saved_cs_client */;

--
-- Dumping data for table `transactions`
--

LOCK TABLES `transactions` WRITE;
/*!40000 ALTER TABLE `transactions` DISABLE KEYS */;
INSERT INTO `transactions` VALUES (28,28,1,'currency wallet funding','2021-09-17 09:38:53','2021-09-17 09:38:53'),(86,28,1,'currency wallet funding','2021-09-17 10:00:55','2021-09-17 10:00:55'),(87,28,1,'currency wallet funding','2021-09-17 10:01:16','2021-09-17 10:01:16'),(88,28,1,'currency wallet funding','2021-09-17 10:03:45','2021-09-17 10:03:45'),(89,28,1,'currency wallet funding','2021-09-17 10:07:11','2021-09-17 10:07:11'),(90,28,1,'currency wallet funding','2021-09-17 10:07:11','2021-09-17 10:07:11'),(91,133,1,'currency wallet funding','2021-09-17 10:07:11','2021-09-17 10:07:11'),(92,28,1,'currency wallet funding','2021-09-17 10:07:16','2021-09-17 10:07:16'),(93,28,1,'currency wallet funding','2021-09-17 10:07:17','2021-09-17 10:07:17'),(94,172,1,'currency wallet funding','2021-09-17 10:07:17','2021-09-17 10:07:17'),(95,28,1,'currency wallet funding','2021-09-17 10:07:20','2021-09-17 10:07:20'),(96,28,1,'currency wallet funding','2021-09-17 10:15:49','2021-09-17 10:15:49'),(97,28,1,'currency wallet funding','2021-09-17 10:18:29','2021-09-17 10:18:29'),(98,28,1,'currency wallet funding','2021-09-17 10:18:29','2021-09-17 10:18:29'),(99,28,1,'currency wallet funding','2021-09-17 10:18:35','2021-09-17 10:18:35'),(100,28,1,'currency wallet funding','2021-09-17 10:18:35','2021-09-17 10:18:35'),(101,28,1,'currency wallet funding','2021-09-17 10:18:38','2021-09-17 10:18:38'),(102,28,1,'currency wallet funding','2021-09-17 10:18:39','2021-09-17 10:18:39'),(103,28,1,'currency wallet funding','2021-09-17 10:26:15','2021-09-17 10:26:15'),(104,27,1,'currency wallet funding','2021-09-17 10:26:15','2021-09-17 10:26:15'),(105,28,1,'currency wallet funding','2021-09-17 10:26:22','2021-09-17 10:26:22'),(106,27,1,'currency wallet funding','2021-09-17 10:26:22','2021-09-17 10:26:22'),(107,28,1,'currency wallet funding','2021-09-17 10:26:25','2021-09-17 10:26:25'),(108,27,1,'currency wallet funding','2021-09-17 10:26:25','2021-09-17 10:26:25'),(109,28,1,'currency wallet funding','2021-09-17 10:26:28','2021-09-17 10:26:28'),(110,27,1,'currency wallet funding','2021-09-17 10:26:28','2021-09-17 10:26:28'),(111,28,1,'currency wallet funding','2021-09-17 10:26:35','2021-09-17 10:26:35'),(112,27,1,'currency wallet funding','2021-09-17 10:26:35','2021-09-17 10:26:35'),(113,28,1,'currency wallet funding','2021-09-17 10:30:43','2021-09-17 10:30:43'),(114,28,1,'currency wallet funding','2021-09-17 10:30:43','2021-09-17 10:30:43'),(115,28,1,'currency wallet funding','2021-09-17 10:31:37','2021-09-17 10:31:37'),(116,135,1,'currency wallet funding','2021-09-17 10:31:37','2021-09-17 10:31:37'),(117,28,1,'currency wallet funding','2021-09-17 10:31:41','2021-09-17 10:31:41'),(118,135,1,'currency wallet funding','2021-09-17 10:31:41','2021-09-17 10:31:41'),(119,28,1,'currency wallet funding','2021-09-17 10:31:44','2021-09-17 10:31:44'),(120,135,1,'currency wallet funding','2021-09-17 10:31:44','2021-09-17 10:31:44'),(121,28,1,'currency wallet funding','2021-09-17 10:31:56','2021-09-17 10:31:56'),(122,28,1,'currency wallet funding','2021-09-17 10:31:56','2021-09-17 10:31:56'),(123,140,1,'currency wallet funding','2021-09-17 10:31:56','2021-09-17 10:31:56'),(124,28,1,'currency wallet funding','2021-09-17 10:32:00','2021-09-17 10:32:00'),(125,28,1,'currency wallet funding','2021-09-17 10:32:00','2021-09-17 10:32:00'),(126,164,1,'currency wallet funding','2021-09-17 10:32:00','2021-09-17 10:32:00'),(127,28,1,'currency wallet funding','2021-09-17 10:32:03','2021-09-17 10:32:03'),(128,28,1,'currency wallet funding','2021-09-17 10:32:03','2021-09-17 10:32:03'),(129,115,1,'currency wallet funding','2021-09-17 10:32:03','2021-09-17 10:32:03'),(130,28,1,'currency wallet funding','2021-09-17 10:32:05','2021-09-17 10:32:05'),(131,28,1,'currency wallet funding','2021-09-17 10:32:06','2021-09-17 10:32:06'),(132,101,1,'currency wallet funding','2021-09-17 10:32:06','2021-09-17 10:32:06'),(133,28,1,'currency wallet funding','2021-09-17 10:32:09','2021-09-17 10:32:09'),(134,28,1,'currency wallet funding','2021-09-17 10:32:10','2021-09-17 10:32:10'),(135,122,1,'currency wallet funding','2021-09-17 10:32:10','2021-09-17 10:32:10'),(136,28,1,'currency wallet funding','2021-09-17 10:32:16','2021-09-17 10:32:16'),(137,28,1,'currency wallet funding','2021-09-17 10:32:17','2021-09-17 10:32:17'),(138,167,1,'currency wallet funding','2021-09-17 10:32:17','2021-09-17 10:32:17'),(139,28,1,'currency wallet funding','2021-09-17 10:33:31','2021-09-17 10:33:31'),(140,135,1,'currency wallet funding','2021-09-17 10:33:31','2021-09-17 10:33:31'),(141,28,1,'currency wallet funding','2021-09-17 10:34:42','2021-09-17 10:34:42'),(142,28,1,'currency wallet funding','2021-09-17 10:34:42','2021-09-17 10:34:42'),(143,156,1,'currency wallet funding','2021-09-17 10:34:42','2021-09-17 10:34:42'),(144,28,1,'currency wallet funding','2021-09-17 10:34:46','2021-09-17 10:34:46'),(145,28,1,'currency wallet funding','2021-09-17 10:34:46','2021-09-17 10:34:46'),(146,102,1,'currency wallet funding','2021-09-17 10:34:46','2021-09-17 10:34:46'),(147,28,1,'currency wallet funding','2021-09-17 10:41:41','2021-09-17 10:41:41'),(148,28,1,'currency wallet funding','2021-09-17 10:41:42','2021-09-17 10:41:42'),(149,140,1,'currency wallet funding','2021-09-17 10:41:42','2021-09-17 10:41:42'),(150,28,1,'currency wallet funding','2021-09-17 10:42:20','2021-09-17 10:42:20'),(151,28,1,'currency wallet funding','2021-09-17 10:42:20','2021-09-17 10:42:20'),(152,195,1,'currency wallet funding','2021-09-17 10:42:20','2021-09-17 10:42:20'),(153,28,1,'currency wallet funding','2021-09-17 10:43:55','2021-09-17 10:43:55'),(154,28,1,'currency wallet funding','2021-09-17 10:43:55','2021-09-17 10:43:55'),(155,127,1,'currency wallet funding','2021-09-17 10:43:55','2021-09-17 10:43:55'),(156,28,1,'currency wallet funding','2021-09-17 10:49:34','2021-09-17 10:49:34'),(157,28,1,'currency wallet funding','2021-09-17 10:49:35','2021-09-17 10:49:35'),(158,156,1,'currency wallet funding','2021-09-17 10:49:35','2021-09-17 10:49:35'),(159,28,1,'currency wallet funding','2021-09-17 10:49:41','2021-09-17 10:49:41'),(160,28,1,'currency wallet funding','2021-09-17 10:49:41','2021-09-17 10:49:41'),(161,166,1,'currency wallet funding','2021-09-17 10:49:41','2021-09-17 10:49:41'),(162,28,1,'currency wallet funding','2021-09-17 10:49:45','2021-09-17 10:49:45'),(163,28,1,'currency wallet funding','2021-09-17 10:49:45','2021-09-17 10:49:45'),(164,158,1,'currency wallet funding','2021-09-17 10:49:45','2021-09-17 10:49:45'),(165,28,1,'currency wallet funding','2021-09-17 10:49:49','2021-09-17 10:49:49'),(166,28,1,'currency wallet funding','2021-09-17 10:49:49','2021-09-17 10:49:49'),(167,161,1,'currency wallet funding','2021-09-17 10:49:49','2021-09-17 10:49:49'),(168,28,1,'currency wallet funding','2021-09-17 10:49:52','2021-09-17 10:49:52'),(169,28,1,'currency wallet funding','2021-09-17 10:49:54','2021-09-17 10:49:54'),(170,185,1,'currency wallet funding','2021-09-17 10:49:54','2021-09-17 10:49:54'),(171,28,1,'currency wallet funding','2021-09-17 10:51:03','2021-09-17 10:51:03'),(172,28,1,'currency wallet funding','2021-09-17 10:51:03','2021-09-17 10:51:03'),(173,147,1,'currency wallet funding','2021-09-17 10:51:03','2021-09-17 10:51:03'),(174,28,1,'currency wallet funding','2021-09-17 10:51:06','2021-09-17 10:51:06'),(175,28,1,'currency wallet funding','2021-09-17 10:51:06','2021-09-17 10:51:06'),(176,182,1,'currency wallet funding','2021-09-17 10:51:06','2021-09-17 10:51:06'),(177,28,1,'currency wallet spending','2021-09-17 10:53:29','2021-09-17 10:53:29'),(178,28,1,'currency wallet funding','2021-09-17 11:01:40','2021-09-17 11:01:40'),(179,28,1,'currency wallet funding','2021-09-17 11:01:40','2021-09-17 11:01:40'),(180,103,1,'currency wallet funding','2021-09-17 11:01:40','2021-09-17 11:01:40'),(181,28,1,'currency wallet spending','2021-09-17 11:03:50','2021-09-17 11:03:50'),(182,28,1,'currency wallet spending','2021-09-17 11:03:54','2021-09-17 11:03:54'),(183,28,1,'currency wallet spending','2021-09-17 11:04:09','2021-09-17 11:04:09'),(184,28,1,'currency wallet spending','2021-09-17 11:04:20','2021-09-17 11:04:20'),(185,28,1,'currency wallet spending','2021-09-17 11:04:42','2021-09-17 11:04:42'),(186,28,1,'currency wallet funding','2021-09-17 11:06:10','2021-09-17 11:06:10'),(187,28,1,'currency wallet funding','2021-09-17 11:06:11','2021-09-17 11:06:11'),(188,118,1,'currency wallet funding','2021-09-17 11:06:11','2021-09-17 11:06:11'),(189,28,1,'currency wallet funding','2021-09-17 11:06:42','2021-09-17 11:06:42'),(190,28,1,'currency wallet funding','2021-09-17 11:06:43','2021-09-17 11:06:43'),(191,181,1,'currency wallet funding','2021-09-17 11:06:43','2021-09-17 11:06:43');
/*!40000 ALTER TABLE `transactions` ENABLE KEYS */;
UNLOCK TABLES;

--
-- Table structure for table `users`
--

DROP TABLE IF EXISTS `users`;
/*!40101 SET @saved_cs_client     = @@character_set_client */;
/*!40101 SET character_set_client = utf8 */;
CREATE TABLE `users` (
  `id` bigint(20) unsigned NOT NULL AUTO_INCREMENT,
  `first_name` varchar(255) COLLATE utf8mb4_unicode_ci NOT NULL,
  `last_name` varchar(255) COLLATE utf8mb4_unicode_ci NOT NULL,
  `email` varchar(255) COLLATE utf8mb4_unicode_ci NOT NULL,
  `email_verified_at` timestamp NULL DEFAULT NULL,
  `password` varchar(255) COLLATE utf8mb4_unicode_ci NOT NULL,
  `phone` varchar(255) COLLATE utf8mb4_unicode_ci NOT NULL,
  `api_key` varchar(255) COLLATE utf8mb4_unicode_ci NOT NULL,
  `created_at` timestamp NULL DEFAULT NULL,
  `updated_at` timestamp NULL DEFAULT NULL,
  PRIMARY KEY (`id`),
  UNIQUE KEY `users_email_unique` (`email`)
) ENGINE=InnoDB AUTO_INCREMENT=219 DEFAULT CHARSET=utf8mb4 COLLATE=utf8mb4_unicode_ci;
/*!40101 SET character_set_client = @saved_cs_client */;

--
-- Dumping data for table `users`
--

LOCK TABLES `users` WRITE;
/*!40000 ALTER TABLE `users` DISABLE KEYS */;
INSERT INTO `users` VALUES (28,'123456','123456','joe@getnaddak.conmd',NULL,'$2y$10$gHOlOF62UMsBiSpe5rm5V.rrqCNKxXCl3/9JS2Rhs5DCymOCN1nuW','080','e1bd7d26aea3fcf54e9670a19fb60312','2021-09-16 12:53:13','2021-09-16 12:53:13'),(95,'Julio Green','Korbin Padberg','dare.caleb@example.net',NULL,'$2y$10$92IXUNpkjO0rOQ5byMi.Ye4oKoEa3Ro9llC/.og/at2.uheWG/igi','080','2a76ef46280a73a799e0f872451f11d1','2021-09-17 09:29:41','2021-09-17 09:29:41'),(96,'password','password','1370487715user@getnada.com',NULL,'$2y$10$rCEsZmd/vZfXJN8I.dyzi.bQH2hhcuAc140fZVlw95hH9z40PZtqO','080','8bcc201eac9dde6306af05d6a3a308b3','2021-09-17 09:29:41','2021-09-17 09:29:41'),(98,'Roberto Treutel','Ms. Janae Wilkinson MD','earl72@example.org',NULL,'$2y$10$92IXUNpkjO0rOQ5byMi.Ye4oKoEa3Ro9llC/.og/at2.uheWG/igi','080','070a6209c4051e3daa2c8e129d217acd','2021-09-17 09:30:11','2021-09-17 09:30:11'),(99,'password','password','380037585user@getnada.com',NULL,'$2y$10$kumN1GcNnT5l3nJFpxP0MuWq24jQ4S3Qxnxyg7hCobXkT0.VEpg8K','080','2b711df2df93954d8838368d6b73a6da','2021-09-17 09:30:11','2021-09-17 09:30:11'),(101,'Johnson Schamberger Sr.','Drake Franecki','pauline.dare@example.com',NULL,'$2y$10$92IXUNpkjO0rOQ5byMi.Ye4oKoEa3Ro9llC/.og/at2.uheWG/igi','080','c8ef41e3b3bd0f19be1151551cc4a856','2021-09-17 09:36:30','2021-09-17 09:36:31'),(102,'password','password','2130685515user@getnada.com',NULL,'$2y$10$OZaeDWq4F4wH9NVuoWeU3./hYU695PipFAynNtH41.unGr7J7M4W.','080','d9537fbee66fc6780b80690aac193e79','2021-09-17 09:36:31','2021-09-17 09:36:31'),(103,'Prof. Gillian Pollich I','Conner Friesen','qdeckow@example.org',NULL,'$2y$10$92IXUNpkjO0rOQ5byMi.Ye4oKoEa3Ro9llC/.og/at2.uheWG/igi','080','2cc04a56d3a1125bc28cbe26b9154a40','2021-09-17 09:36:48','2021-09-17 09:36:49'),(104,'password','password','1915133777user@getnada.com',NULL,'$2y$10$hYHIhzJ.OzUMrH1YCtgFn.BCVLJOeDHnCZfzMlxAKkPxy8vloxduK','080','344b880d2ea4b5fe3703b6df84b6bb3a','2021-09-17 09:36:49','2021-09-17 09:36:49'),(105,'Carolina Schaefer','Fae Swift DVM','elian98@example.org',NULL,'$2y$10$92IXUNpkjO0rOQ5byMi.Ye4oKoEa3Ro9llC/.og/at2.uheWG/igi','080','9aa7710d380ddb925a65408d889464f2','2021-09-17 09:37:29','2021-09-17 09:37:30'),(106,'password','password','95957705user@getnada.com',NULL,'$2y$10$1iMq1HyPhSQ9JT6M/D2hAO.MUmXcgOJfy1EKLX0YOlu6VzYhXjwh.','080','47f8b8d42b82a54853e4ecdb89157945','2021-09-17 09:37:30','2021-09-17 09:37:30'),(107,'Dr. Jaylon Labadie MD','Anna Bins DDS','jfadel@example.com',NULL,'$2y$10$92IXUNpkjO0rOQ5byMi.Ye4oKoEa3Ro9llC/.og/at2.uheWG/igi','080','454b05c1ff209c45d18e3a1ba62529c3','2021-09-17 09:37:39','2021-09-17 09:37:39'),(108,'password','password','1655119753user@getnada.com',NULL,'$2y$10$CYs9xt5DT23n9mxLqoIzZe69vF1.Q8kMNq/S3ezr/xUVbnFpOgcm6','080','74a2414b0dd3b2906cb3eaceb7b65358','2021-09-17 09:37:39','2021-09-17 09:37:39'),(109,'Felix Schumm','Frederick Williamson','lemke.lyla@example.net',NULL,'$2y$10$92IXUNpkjO0rOQ5byMi.Ye4oKoEa3Ro9llC/.og/at2.uheWG/igi','080','9996f3f8f2e06de2287dff4344b155d1','2021-09-17 09:38:27','2021-09-17 09:38:28'),(110,'password','password','1201393484user@getnada.com',NULL,'$2y$10$w1QxAiuK62bVJ0BkGNdRPujo7gNW7LjcEqqML.VXidvtQUVo0suEa','080','135dbbdd32741da9f31da7d638504f7f','2021-09-17 09:38:28','2021-09-17 09:38:28'),(111,'Dennis Quitzon II','Janessa Goldner','erich.weber@example.net',NULL,'$2y$10$92IXUNpkjO0rOQ5byMi.Ye4oKoEa3Ro9llC/.og/at2.uheWG/igi','080','8eac079875c8d4fd90128708a34c1a20','2021-09-17 09:38:52','2021-09-17 09:38:53'),(112,'password','password','2119880965user@getnada.com',NULL,'$2y$10$R00L28rycHoIoxymZWxlm.jlL0hRoHg9lw3WXtRQo5EVWvL8WA/XC','080','49b619cdc63004f6bd4e727571b2b5f8','2021-09-17 09:38:53','2021-09-17 09:38:53'),(113,'Felipe Donnelly','Haskell Kris','brakus.lila@example.org',NULL,'$2y$10$92IXUNpkjO0rOQ5byMi.Ye4oKoEa3Ro9llC/.og/at2.uheWG/igi','080','c854188fc19b93392a0ec99add877141','2021-09-17 09:38:55','2021-09-17 09:38:55'),(114,'password','password','1048602248user@getnada.com',NULL,'$2y$10$9AWwUfI1YaEVfPwEz5y14euOHniR6K1WFfBFm7PVU1TI3.RAbOtuG','080','26601836ca59cb2ea78dd76d3141bb94','2021-09-17 09:38:56','2021-09-17 09:38:56'),(115,'Eryn Lang I','Madyson Boehm','monty38@example.com',NULL,'$2y$10$92IXUNpkjO0rOQ5byMi.Ye4oKoEa3Ro9llC/.og/at2.uheWG/igi','080','807d637ef2623f3999ce66a7150fa014','2021-09-17 09:39:29','2021-09-17 09:39:29'),(116,'password','password','1747680035user@getnada.com',NULL,'$2y$10$HDYKify3vmGLevCuoMIqu.8ScL3/jPr68FXg9kD4LnFr7Hv5m5Owa','080','891df49a431f8339fb40624b7c896403','2021-09-17 09:39:29','2021-09-17 09:39:29'),(117,'Dr. Laverna Skiles DVM','Dr. Wilmer Denesik DDS','lehner.zoey@example.net',NULL,'$2y$10$92IXUNpkjO0rOQ5byMi.Ye4oKoEa3Ro9llC/.og/at2.uheWG/igi','080','fdf7faef96b2799d8ec66a2acede1927','2021-09-17 09:39:32','2021-09-17 09:39:33'),(118,'password','password','1164436691user@getnada.com',NULL,'$2y$10$yS.TjImgiysofCHRubk2qO6ah6i1STfPMm6bVOavmoaJJpSoqAxtq','080','260b6afa6c1b8b891dbe4d42430c326e','2021-09-17 09:39:33','2021-09-17 09:39:33'),(119,'Nichole Romaguera','Estrella Gerhold','xsmith@example.net',NULL,'$2y$10$92IXUNpkjO0rOQ5byMi.Ye4oKoEa3Ro9llC/.og/at2.uheWG/igi','080','4c549552f67603cce5b0704142c5e573','2021-09-17 09:39:36','2021-09-17 09:39:36'),(120,'password','password','221045493user@getnada.com',NULL,'$2y$10$a.etWS5ZWuxaS937Vy8jVOWDsX3ME57NuDR8YAzuDpMaSuSYySctW','080','9fc10514bdd58a47683284846bf954b9','2021-09-17 09:39:37','2021-09-17 09:39:37'),(121,'Ashlee Kilback','Chelsie Koepp','joshua82@example.net',NULL,'$2y$10$92IXUNpkjO0rOQ5byMi.Ye4oKoEa3Ro9llC/.og/at2.uheWG/igi','080','c8a12efe06ba7195f6560c7f8eca8d29','2021-09-17 09:39:39','2021-09-17 09:39:39'),(122,'password','password','266929350user@getnada.com',NULL,'$2y$10$GYnMfZdxqkGiJDO.Z3NY4O5CTF4hqTGjbIoNTZRFFX7.Pp4cvm.xS','080','32d5b9fd41c083ea691b10e14ea3c607','2021-09-17 09:39:40','2021-09-17 09:39:40'),(123,'Prof. Ella Hackett I','Prof. Kailee Hyatt PhD','eromaguera@example.org',NULL,'$2y$10$92IXUNpkjO0rOQ5byMi.Ye4oKoEa3Ro9llC/.og/at2.uheWG/igi','080','9d2fcdba5af97f6edc965ee3cc89410f','2021-09-17 09:39:43','2021-09-17 09:39:43'),(124,'password','password','394217313user@getnada.com',NULL,'$2y$10$R7SXXY5cPvIE.D/qrP8XcuifasQadpSYP6x7Vci38BuNgL9kw64xa','080','aaf95a1cb569d168466b9df04c233042','2021-09-17 09:39:43','2021-09-17 09:39:44'),(125,'Shemar Brekke','Lyla Kozey','margaret44@example.com',NULL,'$2y$10$92IXUNpkjO0rOQ5byMi.Ye4oKoEa3Ro9llC/.og/at2.uheWG/igi','080','3b6f277a8e522cd494b0bd0f1e430ac3','2021-09-17 09:39:46','2021-09-17 09:39:46'),(126,'password','password','1689292678user@getnada.com',NULL,'$2y$10$rrWsfy9mRJ6eaTBzx5AF/uFaDdb5wYtsXR3LOleGGn02PNqVR1OHO','080','ebe1ede17905b8b7264d2dadb1b0f4fa','2021-09-17 09:39:46','2021-09-17 09:39:47'),(127,'Margarett VonRueden','Prof. Baylee Bogan PhD','destany.jaskolski@example.org',NULL,'$2y$10$92IXUNpkjO0rOQ5byMi.Ye4oKoEa3Ro9llC/.og/at2.uheWG/igi','080','126d9405f18674ffb4053d82fd919b33','2021-09-17 09:39:51','2021-09-17 09:39:51'),(128,'password','password','148930898user@getnada.com',NULL,'$2y$10$varovLdyPIn8nCGwQX1U6.LXnAaufDAJ6Od8p.VTaTpn9L47tpxlS','080','79cfc708b4d30f982363070759be81e8','2021-09-17 09:39:51','2021-09-17 09:39:52'),(129,'Saige Kozey','Cassie Runolfsson','vkozey@example.com',NULL,'$2y$10$92IXUNpkjO0rOQ5byMi.Ye4oKoEa3Ro9llC/.og/at2.uheWG/igi','080','e2cb7d76bbbc4e435d6ce4e354201f81','2021-09-17 09:39:55','2021-09-17 09:39:56'),(130,'password','password','1559687385user@getnada.com',NULL,'$2y$10$8sZW/HgyjlL0VJQR2n5P3ezDmhPoWMz4/it4ENmUgOyRkO2cLwRt2','080','59d61c08a7c1a3e2c96c9017b0f24712','2021-09-17 09:39:56','2021-09-17 09:39:57'),(131,'Joe Schultz I','Prof. Kaitlin Stamm','snitzsche@example.net',NULL,'$2y$10$92IXUNpkjO0rOQ5byMi.Ye4oKoEa3Ro9llC/.og/at2.uheWG/igi','080','288ebc6cfd7d70bbb8ad90122c85e69e','2021-09-17 09:40:02','2021-09-17 09:40:02'),(132,'password','password','280681462user@getnada.com',NULL,'$2y$10$UPEq2RBD9Reo3cfrKYs7QuhZv3lb3YGaZJ10/FA2yyZng76OjdgNy','080','2e9a029e51001f9ad6ccebceb8c2c713','2021-09-17 09:40:04','2021-09-17 09:40:04'),(133,'Mrs. Camila Miller','Alfonzo Blick','shanon.miller@example.org',NULL,'$2y$10$92IXUNpkjO0rOQ5byMi.Ye4oKoEa3Ro9llC/.og/at2.uheWG/igi','080','3ba2728d3a9f96bcf086e4c62cb7accf','2021-09-17 09:40:07','2021-09-17 09:40:07'),(134,'password','password','925706316user@getnada.com',NULL,'$2y$10$tfvf1x35WLvecnaG6xfZueiBrP0YfBZ84kwGakNQ6IOsL0ScDc63m','080','65b945888e3690793b777e0f13de9ba3','2021-09-17 09:40:09','2021-09-17 09:40:09'),(135,'Remington Gottlieb','Coy Ebert','randall.baumbach@example.com',NULL,'$2y$10$92IXUNpkjO0rOQ5byMi.Ye4oKoEa3Ro9llC/.og/at2.uheWG/igi','080','8d540bc1d58b82ed4432be4bbefe852d','2021-09-17 09:40:12','2021-09-17 09:40:12'),(136,'password','password','446795252user@getnada.com',NULL,'$2y$10$D/H8VbvGYFRUv9uWZ1MlyuyDJHF21wLIMlGW4myw4nP4IQsaONMJm','080','6f49e1a99c72c7f4aa9116817b1f9885','2021-09-17 09:40:13','2021-09-17 09:40:13'),(137,'Griffin Strosin I','Kurt Schaefer I','bnader@example.net',NULL,'$2y$10$92IXUNpkjO0rOQ5byMi.Ye4oKoEa3Ro9llC/.og/at2.uheWG/igi','080','528dfa876c601f84b1fbabe89b9bd511','2021-09-17 09:42:21','2021-09-17 09:42:22'),(138,'password','password','1872075521user@getnada.com',NULL,'$2y$10$pd9RI4CnGO0fE/j5VaJAV.ReIn.7OHaPgZV.nChtm/de13nluTnjK','080','64d9b135da051faf1399a9161d8b66cd','2021-09-17 09:42:22','2021-09-17 09:42:22'),(139,'Buford Considine','Elinore Cummings','adelbert.weimann@example.com',NULL,'$2y$10$92IXUNpkjO0rOQ5byMi.Ye4oKoEa3Ro9llC/.og/at2.uheWG/igi','080','612ec712014fad1dea6c5a6803bae89a','2021-09-17 09:42:59','2021-09-17 09:42:59'),(140,'password','password','612576780user@getnada.com',NULL,'$2y$10$dGmZqpGZkud5oNQHcBp/B.qNaGiSkzLecf3kz8d6Q6so9vQRHxik.','080','936cc14a450926b6489b0bbb43a7cf6c','2021-09-17 09:42:59','2021-09-17 09:42:59'),(141,'Savanna Schaefer','Oral Deckow','leda.predovic@example.com',NULL,'$2y$10$92IXUNpkjO0rOQ5byMi.Ye4oKoEa3Ro9llC/.og/at2.uheWG/igi','080','70756f77b9e15cd4314a01a6368fce27','2021-09-17 09:43:17','2021-09-17 09:43:17'),(142,'password','password','1311925053user@getnada.com',NULL,'$2y$10$eFRNmVfSzC8AZOiaMxWYAuSt7YMQMChYDA1HMNMUVLgocQYMOICB6','080','bb16268dc53fd9590e5cc49627a39888','2021-09-17 09:43:17','2021-09-17 09:43:17'),(143,'Samantha Langosh Jr.','Mrs. Beryl Carroll II','bernier.richie@example.org',NULL,'$2y$10$92IXUNpkjO0rOQ5byMi.Ye4oKoEa3Ro9llC/.og/at2.uheWG/igi','080','aa8b12e4db29dc43126b0c21a0c36469','2021-09-17 09:43:21','2021-09-17 09:43:22'),(144,'password','password','1355280845user@getnada.com',NULL,'$2y$10$ju3CUX9L15vAK9c10TeTxODhx8WN08iK.pe4llKx8cqt6rCDuniAm','080','d28c725df3c4948fc99a88f5d81b5cd4','2021-09-17 09:43:22','2021-09-17 09:43:23'),(145,'Victor Toy','Rasheed Langworth','modesta.marks@example.net',NULL,'$2y$10$92IXUNpkjO0rOQ5byMi.Ye4oKoEa3Ro9llC/.og/at2.uheWG/igi','080','c97c9213568b356ee18e2e361ed17d4d','2021-09-17 09:43:35','2021-09-17 09:43:35'),(146,'password','password','1215517861user@getnada.com',NULL,'$2y$10$XcWB.AxbPPwQAHLud3SLv.0SJLxVULeuHk3lPF3fB938YimZUi3Ta','080','3e1fdf012b9279adb3d951b792e17211','2021-09-17 09:43:35','2021-09-17 09:43:35'),(147,'Vesta McLaughlin','Greyson Champlin','psipes@example.com',NULL,'$2y$10$92IXUNpkjO0rOQ5byMi.Ye4oKoEa3Ro9llC/.og/at2.uheWG/igi','080','ffbe96987aceca16ac50a9eb3e1e6eb6','2021-09-17 09:43:38','2021-09-17 09:43:38'),(148,'password','password','618537439user@getnada.com',NULL,'$2y$10$YMh39WP3Kb.pFZ1c33whmOUWGGl/vQjYncG1RGXI9tIpQoGOXN9t.','080','79138cb0fb1cf4116449986fa91cc6d8','2021-09-17 09:43:38','2021-09-17 09:43:38'),(149,'Aliya Schinner','Evangeline Hintz','stamm.carmine@example.net',NULL,'$2y$10$92IXUNpkjO0rOQ5byMi.Ye4oKoEa3Ro9llC/.og/at2.uheWG/igi','080','1ea364e4290a17aa3cfcde66d30f751a','2021-09-17 09:43:43','2021-09-17 09:43:43'),(150,'password','password','1704164326user@getnada.com',NULL,'$2y$10$GwIgRj4Ggq4oGRVnYKiOHeik.JmdpS5Dbgz7dh6dUtb4urtVfWvCO','080','3acb5eb17c2d83b6165619183dc6f1aa','2021-09-17 09:43:43','2021-09-17 09:43:44'),(151,'Erika Anderson','Candice Konopelski','magdalena83@example.com',NULL,'$2y$10$92IXUNpkjO0rOQ5byMi.Ye4oKoEa3Ro9llC/.og/at2.uheWG/igi','080','99241b8fb1af185492d8957fb2833301','2021-09-17 09:43:47','2021-09-17 09:43:48'),(152,'password','password','1317131538user@getnada.com',NULL,'$2y$10$5eG4jbZneR4Mtub.lwc4wuxEMQatLm6PDr3635UaiX1CANlrsyvaK','080','28ef68c80f10e1cbae9e991fb5a4c75d','2021-09-17 09:43:48','2021-09-17 09:43:49'),(153,'Ulices Stamm DVM','Horacio Turner','spinka.elias@example.net',NULL,'$2y$10$92IXUNpkjO0rOQ5byMi.Ye4oKoEa3Ro9llC/.og/at2.uheWG/igi','080','9eed4b0dba64f9a344dc6823c07a9544','2021-09-17 09:44:53','2021-09-17 09:44:54'),(154,'password','password','1496089329user@getnada.com',NULL,'$2y$10$zp0HBIVSky1zfxNQiWtzXOa6mTFfjBKr6SqCYiegTtW36NEwYbD4y','080','1780b35c02c500aa6c595837daad7976','2021-09-17 09:44:54','2021-09-17 09:44:54'),(155,'Concepcion Swift V','Jacynthe Bayer','weldon.wiegand@example.com',NULL,'$2y$10$92IXUNpkjO0rOQ5byMi.Ye4oKoEa3Ro9llC/.og/at2.uheWG/igi','080','0483cad07f737c1986dc12c194788cba','2021-09-17 09:44:56','2021-09-17 09:44:57'),(156,'password','password','69976655user@getnada.com',NULL,'$2y$10$dgZ7yVY/Arz1cDMRf3Gw0.Km/H4QTHB1T65qQzPjSgYdG9TBLTBpC','080','1d924f40247f2404d6b66f39a1c5a7c7','2021-09-17 09:44:57','2021-09-17 09:44:57'),(157,'Shaun Labadie','Prof. Alayna Rolfson','camilla.braun@example.org',NULL,'$2y$10$92IXUNpkjO0rOQ5byMi.Ye4oKoEa3Ro9llC/.og/at2.uheWG/igi','080','26f09214e41e975ed75f4c19e74217f8','2021-09-17 09:45:01','2021-09-17 09:45:01'),(158,'password','password','1545325255user@getnada.com',NULL,'$2y$10$IFEixps4XE7OIPYy0FdLnOMFCaldP0.Uw/J8Dl5LSWOXfzFP0tQSa','080','8168ea035ba27921ca045432bd38a89a','2021-09-17 09:45:01','2021-09-17 09:45:01'),(159,'Moses Stroman','Miss Anjali Crooks V','okozey@example.org',NULL,'$2y$10$92IXUNpkjO0rOQ5byMi.Ye4oKoEa3Ro9llC/.og/at2.uheWG/igi','080','1bf600da34589b6cf25d4f884491e6ae','2021-09-17 09:45:29','2021-09-17 09:45:30'),(160,'password','password','1043999909user@getnada.com',NULL,'$2y$10$kVeNWWXxaDl11Fa3AEplzuIBFI9heCH3/tNqv92i86CX0S.TKtG72','080','fe144faadd47d35429f86b413255a959','2021-09-17 09:45:30','2021-09-17 09:45:30'),(161,'Miss Carli Kuhic','Prof. Jacques D\'Amore I','dorothy.bashirian@example.net',NULL,'$2y$10$92IXUNpkjO0rOQ5byMi.Ye4oKoEa3Ro9llC/.og/at2.uheWG/igi','080','9ce7c779fb9b5d4928115c49dc8f48b5','2021-09-17 09:49:48','2021-09-17 09:49:49'),(162,'password','password','855076048user@getnada.com',NULL,'$2y$10$NaZwpkN4/ijcOvb7eXmDgedBhQ/YRv0LybK2iaV2T3IKRX7WwuaBi','080','ee46454ac0e295d3de768bdea6a0a0cf','2021-09-17 09:49:49','2021-09-17 09:49:49'),(163,'Wilber Anderson','Cortney Schumm','king.wilfred@example.org',NULL,'$2y$10$92IXUNpkjO0rOQ5byMi.Ye4oKoEa3Ro9llC/.og/at2.uheWG/igi','080','96513c1163481abb7a826841b6484d74','2021-09-17 10:00:55','2021-09-17 10:00:55'),(164,'password','password','1249268210user@getnada.com',NULL,'$2y$10$ekKLyWlm4O.stOMi4Zif6uY6UNIRjwaUuSNwstFHqnIzTpsMOh95q','080','5b40dc9e6201da79697179c9c31e901f','2021-09-17 10:00:55','2021-09-17 10:00:55'),(165,'Mrs. Simone Balistreri','Dr. Weston Barton DDS','halvorson.rowland@example.net',NULL,'$2y$10$92IXUNpkjO0rOQ5byMi.Ye4oKoEa3Ro9llC/.og/at2.uheWG/igi','080','7a9f7975d4daf5b888f06d2c43cfe8b9','2021-09-17 10:01:15','2021-09-17 10:01:16'),(166,'password','password','1699382602user@getnada.com',NULL,'$2y$10$wmCqFoPlk4y/Dc8.d8g76O0fuU3ATH8USU/Q7uPBrJ5X2m5XTb1Fe','080','e3d7900c6600fe28f83a24a95cf19716','2021-09-17 10:01:16','2021-09-17 10:01:16'),(167,'Micaela Mohr','Katarina Balistreri','dedrick.daugherty@example.net',NULL,'$2y$10$92IXUNpkjO0rOQ5byMi.Ye4oKoEa3Ro9llC/.og/at2.uheWG/igi','080','af0d65e34af118b8983348c4f5b99ce8','2021-09-17 10:03:43','2021-09-17 10:03:43'),(168,'password','password','1764085632user@getnada.com',NULL,'$2y$10$W6J28HJcxwJrjI.yX1IrmOn0KrTq6w4WKlyLxKkyJ76KPtyv69ORC','080','d4ec5e90aab3bc1b747745a206304987','2021-09-17 10:03:45','2021-09-17 10:03:45'),(169,'Nannie Trantow IV','Chaya Grady PhD','hazel24@example.org',NULL,'$2y$10$92IXUNpkjO0rOQ5byMi.Ye4oKoEa3Ro9llC/.og/at2.uheWG/igi','080','1011ea4d935f58e8636eec028c31212e','2021-09-17 10:07:10','2021-09-17 10:07:10'),(170,'password','password','1722711577user@getnada.com',NULL,'$2y$10$SYvHiN0pLLKlDunqI0E.fOqwFjD1ndG.5nlfKMR/w3vu9UUDrOhne','080','0f90d9d78d31b984c6ffe6cdcaac6b98','2021-09-17 10:07:10','2021-09-17 10:07:10'),(171,'Reggie Rippin','Melisa Wisoky III','vcartwright@example.com',NULL,'$2y$10$92IXUNpkjO0rOQ5byMi.Ye4oKoEa3Ro9llC/.og/at2.uheWG/igi','080','de836b290fa2fad8711554d37c2d1f8e','2021-09-17 10:07:15','2021-09-17 10:07:15'),(172,'password','password','89628566user@getnada.com',NULL,'$2y$10$29SedXTZZTv5ObSpAhat.eSLskuqT8VFLEgnm1A/eqetd/UhEPTlC','080','c1dd4382e6d512062b5650c872f3056d','2021-09-17 10:07:16','2021-09-17 10:07:16'),(173,'Alayna Harris','Jan Zboncak DVM','rswaniawski@example.com',NULL,'$2y$10$92IXUNpkjO0rOQ5byMi.Ye4oKoEa3Ro9llC/.og/at2.uheWG/igi','080','1ad3ef06d9c346e7776d898a9b98daa9','2021-09-17 10:07:19','2021-09-17 10:07:19'),(174,'password','password','1518365678user@getnada.com',NULL,'$2y$10$zM.zrE1v2Q5MnuWbjMnadehkfGcF9wWGlqDmEHpDw6WzkTn1ApL8e','080','9dc3509610831c1469c78ccad3b16aa5','2021-09-17 10:07:19','2021-09-17 10:07:19'),(175,'Mrs. Dariana Pouros','Freeda Jaskolski','cruickshank.reinhold@example.net',NULL,'$2y$10$92IXUNpkjO0rOQ5byMi.Ye4oKoEa3Ro9llC/.og/at2.uheWG/igi','080','217b4ebdcd8cc1e855b2d6395c102f60','2021-09-17 10:15:47','2021-09-17 10:15:47'),(176,'password','password','673632643user@getnada.com',NULL,'$2y$10$6NmxUgr/BamwJJNHGvpzvO/d/NcDF84B2fAR8MwJqZGPA1MPHyj8y','080','bc859329304e841d47cd663de144c9b1','2021-09-17 10:15:48','2021-09-17 10:15:48'),(177,'Filiberto Tillman','Wilmer Olson','tobin.ullrich@example.org',NULL,'$2y$10$92IXUNpkjO0rOQ5byMi.Ye4oKoEa3Ro9llC/.og/at2.uheWG/igi','080','30299d91df8891649885c386d51c10ff','2021-09-17 10:31:55','2021-09-17 10:31:55'),(178,'password','password','1070583126user@getnada.com',NULL,'$2y$10$cZINRaCatc/okgIGIZdjg.Qy6gatEbGAh.uk6gQtIWSKefX6x7rVK','080','42d0316bf6f7ed7e196af3196cac889c','2021-09-17 10:31:55','2021-09-17 10:31:55'),(179,'Easton Bayer','Adolph Abernathy','egulgowski@example.com',NULL,'$2y$10$92IXUNpkjO0rOQ5byMi.Ye4oKoEa3Ro9llC/.og/at2.uheWG/igi','080','d588c65a889708283f0b4452c030e560','2021-09-17 10:31:59','2021-09-17 10:31:59'),(180,'password','password','1482731370user@getnada.com',NULL,'$2y$10$g4UqwaNfm5mi0pQRCBEdCuNGehIToaS4H.aT5Cs4v8C8HDN4F//XG','080','341addbbcec8a32b84486eb0a69be21c','2021-09-17 10:31:59','2021-09-17 10:31:59'),(181,'Darrick Cruickshank III','Rasheed Zieme I','melyna.balistreri@example.org',NULL,'$2y$10$92IXUNpkjO0rOQ5byMi.Ye4oKoEa3Ro9llC/.og/at2.uheWG/igi','080','939471dd383ade9284fd432a5e6c7042','2021-09-17 10:32:02','2021-09-17 10:32:02'),(182,'password','password','476506103user@getnada.com',NULL,'$2y$10$VswWDbZXD6OXdrVZx0hV5.Gz92BBu4IptV5WG/8gfNjRWASZ3TlsW','080','03c4bc0ce8fc228dca8fff9cfd8cc979','2021-09-17 10:32:02','2021-09-17 10:32:03'),(183,'Wilhelm Goldner IV','Dr. Javonte Nicolas','schneider.rickey@example.net',NULL,'$2y$10$92IXUNpkjO0rOQ5byMi.Ye4oKoEa3Ro9llC/.og/at2.uheWG/igi','080','730c60c0b9da075b14e3d443bf9a54e5','2021-09-17 10:32:05','2021-09-17 10:32:05'),(184,'password','password','1707499900user@getnada.com',NULL,'$2y$10$lkisBMonOHEEhmnj1nBsfu5y5t6DeoQ2y86zPnlycXlk9VJBX4kbq','080','87fee6127fc51b6418a3934fdf7feb41','2021-09-17 10:32:05','2021-09-17 10:32:05'),(185,'Dr. Quinton Barton','Zackary Graham','branson14@example.net',NULL,'$2y$10$92IXUNpkjO0rOQ5byMi.Ye4oKoEa3Ro9llC/.og/at2.uheWG/igi','080','c37af5684d666fd40b957634a7e9ced5','2021-09-17 10:32:08','2021-09-17 10:32:09'),(186,'password','password','2065649552user@getnada.com',NULL,'$2y$10$xIGDumGcUKsgw5Sgxn52feRqPCdgdg7.OO//QuOMdrwr7H43qRfMW','080','49f11f33ab0b938aee1ff0b0f04b3681','2021-09-17 10:32:09','2021-09-17 10:32:09'),(187,'Pat Watsica','Kyleigh Lowe','heaney.toney@example.com',NULL,'$2y$10$92IXUNpkjO0rOQ5byMi.Ye4oKoEa3Ro9llC/.og/at2.uheWG/igi','080','a018d782d3f884b33b7fb99079616721','2021-09-17 10:32:15','2021-09-17 10:32:16'),(188,'password','password','898542161user@getnada.com',NULL,'$2y$10$YkJ4hnl.tk/jey2.IzROUe2gkr3bX6hgEQC4P3umm2BxAEyk41N7i','080','7a7de6de429916ec35af5a2a9605bf41','2021-09-17 10:32:16','2021-09-17 10:32:16'),(189,'Vincenza Satterfield','Julia Wolff','ccormier@example.com',NULL,'$2y$10$92IXUNpkjO0rOQ5byMi.Ye4oKoEa3Ro9llC/.og/at2.uheWG/igi','080','59474ec439fc65ae7dd8b1fb2c21be0e','2021-09-17 10:34:41','2021-09-17 10:34:42'),(190,'password','password','2072810268user@getnada.com',NULL,'$2y$10$B7fC0gQfiHcyGI0oaybXFuFiTQuiaqpk7GDEOj4LebpgiwzBRX9xS','080','226a904d1179aeac6d942e7938a06c7c','2021-09-17 10:34:42','2021-09-17 10:34:42'),(191,'Leonard Walker','Zora Hirthe','kessler.duncan@example.org',NULL,'$2y$10$92IXUNpkjO0rOQ5byMi.Ye4oKoEa3Ro9llC/.og/at2.uheWG/igi','080','922715732f222b84b1ed1f0b83f50312','2021-09-17 10:34:44','2021-09-17 10:34:45'),(192,'password','password','1011972133user@getnada.com',NULL,'$2y$10$05Z6c3Z4bv82bz3yaxDmkOULxm.Qnvctq1rSEQFFCJ0apywIV0P0i','080','94719ce980210b6dc019043b37032d27','2021-09-17 10:34:45','2021-09-17 10:34:45'),(193,'Ms. Cortney Murphy','Ms. Haylee Tremblay Sr.','stroman.demarcus@example.net',NULL,'$2y$10$92IXUNpkjO0rOQ5byMi.Ye4oKoEa3Ro9llC/.og/at2.uheWG/igi','080','66cdbda200c300e765cf03787cb342eb','2021-09-17 10:41:40','2021-09-17 10:41:41'),(194,'password','password','783884762user@getnada.com',NULL,'$2y$10$UD.HkdjHtDL4nvvhNcPNuO7QU1MXfSk2zPYRRrGf5kT0h..f.isUK','080','8f76bca0557e3e6227b605d1360577bf','2021-09-17 10:41:41','2021-09-17 10:41:41'),(195,'Al Mertz','Elfrieda Wiegand','abbey.williamson@example.org',NULL,'$2y$10$92IXUNpkjO0rOQ5byMi.Ye4oKoEa3Ro9llC/.og/at2.uheWG/igi','080','79fe3ea7ba995849674bed8255e16065','2021-09-17 10:42:19','2021-09-17 10:42:20'),(196,'password','password','821967942user@getnada.com',NULL,'$2y$10$GCrtGm2CNLFdfoZir81FSOh8Vq7W6HsiK9wAG2jtcxM8y7UJTAgC.','080','f6fa0b55a5a8ba7ff5d5926c9ff8384c','2021-09-17 10:42:20','2021-09-17 10:42:20'),(197,'Rebecca Gottlieb','Prof. Conrad Towne I','natasha.collins@example.net',NULL,'$2y$10$92IXUNpkjO0rOQ5byMi.Ye4oKoEa3Ro9llC/.og/at2.uheWG/igi','080','b6f338bd93718fda022b5dfe5e24c276','2021-09-17 10:43:53','2021-09-17 10:43:54'),(198,'password','password','918400558user@getnada.com',NULL,'$2y$10$UIUMdE7kSrvepa4rxhou9O5kzZpDbsJBEGtFHyip/Le7hQRhBCWeW','080','0477b33adf1607953c924f8344fbd994','2021-09-17 10:43:54','2021-09-17 10:43:54'),(199,'August Friesen','Dr. Claudine Jaskolski DVM','abernathy.vidal@example.com',NULL,'$2y$10$92IXUNpkjO0rOQ5byMi.Ye4oKoEa3Ro9llC/.og/at2.uheWG/igi','080','b2f13b9724b115c0e2fe2e07da2b4725','2021-09-17 10:49:33','2021-09-17 10:49:34'),(200,'password','password','583743410user@getnada.com',NULL,'$2y$10$pWUPCQDBZN8Dmm2he.P2AuLJCotoSpMCe71pzhOK/FtlIVksTL4lu','080','a2dbf1a201a7f77f47fcdcd579a4d4f8','2021-09-17 10:49:34','2021-09-17 10:49:34'),(201,'Broderick Steuber','Caesar Armstrong Sr.','lmoen@example.net',NULL,'$2y$10$92IXUNpkjO0rOQ5byMi.Ye4oKoEa3Ro9llC/.og/at2.uheWG/igi','080','1dc254382dc2fa60354800287c9b9a1a','2021-09-17 10:49:38','2021-09-17 10:49:38'),(202,'password','password','220282528user@getnada.com',NULL,'$2y$10$zLTzyidfFeA.cUb0yM1T3OCZ2ykiaraHUKDc7i2Iu4wd32oEh2AMO','080','8d85e0ee031a597c9f0eec0fefdc836d','2021-09-17 10:49:38','2021-09-17 10:49:40'),(203,'Tomasa Mann','Mr. Ryan O\'Hara','gtoy@example.net',NULL,'$2y$10$92IXUNpkjO0rOQ5byMi.Ye4oKoEa3Ro9llC/.og/at2.uheWG/igi','080','54a7c2fae30d08237f0fe18a8f169cee','2021-09-17 10:49:43','2021-09-17 10:49:43'),(204,'password','password','1093231160user@getnada.com',NULL,'$2y$10$i7QiqebJ9E1jv7yexTOfZuSNpQHKgpZyGL4IKHHwE4XXc8e/E3ZFG','080','abb1218ad50c4b9814d4e5e07e6741dd','2021-09-17 10:49:44','2021-09-17 10:49:44'),(205,'Prof. Stephen Bernhard','Dr. Oscar Upton Jr.','treutel.loren@example.org',NULL,'$2y$10$92IXUNpkjO0rOQ5byMi.Ye4oKoEa3Ro9llC/.og/at2.uheWG/igi','080','fca10941fab7b6273a9534d5c4fe17af','2021-09-17 10:49:47','2021-09-17 10:49:48'),(206,'password','password','663011757user@getnada.com',NULL,'$2y$10$thFECXayREUGZhdxz5/95ulA8elgEbS3mY5bPNoxk7MFhaxNaoyMe','080','1ccedf9117eedbf5509f794aca3fdcb9','2021-09-17 10:49:48','2021-09-17 10:49:48'),(207,'Isabel Torphy','Rick Ritchie','wolf.jean@example.com',NULL,'$2y$10$92IXUNpkjO0rOQ5byMi.Ye4oKoEa3Ro9llC/.og/at2.uheWG/igi','080','1abd4a8607927651cef2ccabd1e8718c','2021-09-17 10:49:51','2021-09-17 10:49:51'),(208,'password','password','2069692078user@getnada.com',NULL,'$2y$10$wlOAF3GV3tzNqVX4b/UOJOw/NSalVuM13wKiVn4TVYJjNFql/Ir1C','080','da8e0f875aa78b51712471f11140428c','2021-09-17 10:49:51','2021-09-17 10:49:51'),(209,'Branson McClure III','Zander Kuphal','fmante@example.com',NULL,'$2y$10$92IXUNpkjO0rOQ5byMi.Ye4oKoEa3Ro9llC/.og/at2.uheWG/igi','080','58f71b786e6b5abc2509ea2b40ec879a','2021-09-17 10:51:02','2021-09-17 10:51:02'),(210,'password','password','1143417879user@getnada.com',NULL,'$2y$10$wmxpj9oOk4QWlGNphXqfpOlIkMXQ6Y/MUmHPi4CaY4wkN8OZbYF5q','080','3ca45e42cfbccd19e0d6c74052edacb0','2021-09-17 10:51:02','2021-09-17 10:51:02'),(211,'Ms. Billie Bednar','Carol Hauck','ggulgowski@example.org',NULL,'$2y$10$92IXUNpkjO0rOQ5byMi.Ye4oKoEa3Ro9llC/.og/at2.uheWG/igi','080','c646c6b61b9007fa1fd320f7d0ca91ae','2021-09-17 10:51:06','2021-09-17 10:51:06'),(212,'password','password','1874404267user@getnada.com',NULL,'$2y$10$TyZjTcR7KZYQl3Nm15DXL.MYI7v4CHtgkABF1kGTgmcwE0gCJ35IW','080','7109160d07ffc058eeb895ca3633fb74','2021-09-17 10:51:06','2021-09-17 10:51:06'),(213,'Cristobal Hettinger','Kane Bergstrom','issac.fay@example.com',NULL,'$2y$10$92IXUNpkjO0rOQ5byMi.Ye4oKoEa3Ro9llC/.og/at2.uheWG/igi','080','ccebad19da3a110f944153b1569e2121','2021-09-17 11:01:38','2021-09-17 11:01:38'),(214,'password','password','1309823244user@getnada.com',NULL,'$2y$10$72f3GvMskNLtYBOTWwKFsehGFnvJJqX9OcVpiyDF.dd.HNAvqVr3O','080','e3de55a1a6e329b190762a9b1e3b1f50','2021-09-17 11:01:38','2021-09-17 11:01:39'),(215,'Shany Cole','Ivy Jenkins','adah89@example.com',NULL,'$2y$10$92IXUNpkjO0rOQ5byMi.Ye4oKoEa3Ro9llC/.og/at2.uheWG/igi','080','e383e35f3ff16081db0cc24b9b3be808','2021-09-17 11:06:09','2021-09-17 11:06:09'),(216,'password','password','1684971069user@getnada.com',NULL,'$2y$10$OtbJFr0BtTDZAm/Do1mEJuCAW5QGmvw6SK6e3lCY8dLSWoDaMpX7i','080','93b50df153fc7a98cce37fda8e8ca2c3','2021-09-17 11:06:10','2021-09-17 11:06:10'),(217,'Prof. Aracely Tromp','Miss Lauren Labadie','charlene.rau@example.org',NULL,'$2y$10$92IXUNpkjO0rOQ5byMi.Ye4oKoEa3Ro9llC/.og/at2.uheWG/igi','080','a90477d58853d0ce6537cd05098c31f9','2021-09-17 11:06:41','2021-09-17 11:06:42'),(218,'password','password','1945648340user@getnada.com',NULL,'$2y$10$B7W4kyG3/fQYHB3I8JSUre/HB31uve44A0nKohwKxkeaDuu5sGRgS','080','4de424a1519873cacfc8912fb272c146','2021-09-17 11:06:42','2021-09-17 11:06:42');
/*!40000 ALTER TABLE `users` ENABLE KEYS */;
UNLOCK TABLES;
/*!40103 SET TIME_ZONE=@OLD_TIME_ZONE */;

/*!40101 SET SQL_MODE=@OLD_SQL_MODE */;
/*!40014 SET FOREIGN_KEY_CHECKS=@OLD_FOREIGN_KEY_CHECKS */;
/*!40014 SET UNIQUE_CHECKS=@OLD_UNIQUE_CHECKS */;
/*!40101 SET CHARACTER_SET_CLIENT=@OLD_CHARACTER_SET_CLIENT */;
/*!40101 SET CHARACTER_SET_RESULTS=@OLD_CHARACTER_SET_RESULTS */;
/*!40101 SET COLLATION_CONNECTION=@OLD_COLLATION_CONNECTION */;
/*!40111 SET SQL_NOTES=@OLD_SQL_NOTES */;

-- Dump completed on 2021-09-17 12:51:50
